text_akhir,label
bangga pmm terima kasih banyak nadiem,POSITIVE
kehilangan terbesar,POSITIVE
bawa saya kembbalik,NEUTRAL
batch,NEUTRAL
selamat tinggal bekas luka manisku,POSITIVE
hah,NEUTRAL
bersyukur pmm,POSITIVE
terima kasih kesempatannya saya mengalami belajar papua,POSITIVE
senang pmm,POSITIVE
pmm berarti beranak,NEGATIVE
kebijakan ojol gagal contoh pmmbanyak gamonin,NEUTRAL
program sebagus hapus,NEUTRAL
ngincar semester pmm hapus,NEUTRAL
terbukti katakata bertukar bermakna,NEUTRAL
pengen banget pmm kuliah tertarikkk,NEUTRAL
bilang apa-apa kuliah jawa pmm jawa,NEUTRAL
kampus mengajar,NEUTRAL
nadiem mengerti mahasiswa terima kasih program mantul habis gamon,POSITIVE
hilan harapan maba,NEUTRAL
bangga pmm sisa program sebagus lanjutkanmahasiswai mengharapkan pmm jalur daerah belajar berkaya huhhh huhhh huhhh huhhh huhhh huhhh huhhh,POSITIVE
pengen merasa pmm hapus,NEUTRAL
angkatan persiapan program pmm hapus,NEUTRAL
yahhhhh berharap banget jaman cari pmm semester mencoba entar disemester dihapi,NEUTRAL
orang program nadiem menyusahkan gua program terbaik mahasiswa program sosialisasi gebrakan,NEUTRAL
program kayaknya kampus merdeka hapus beruntung kampus mengajar,NEUTRAL
jujur ​​sedyeh banget,NEUTRAL
ngincer jaga semester pmm hapus,NEUTRAL
putus harapan,NEUTRAL
allah menunggu pmm hapus,NEUTRAL
niat mencoba,NEUTRAL
terima kasih kenangan pmm uny gantari wirasana,POSITIVE
pmm online penuh,POSITIVE
pmm gunannaa cuman pengen liburan kota pngetahuan bawa tahap evaluasinya,NEUTRAL
kuliah cari semester dihapi,NEUTRAL
lihat danau toba pmm,NEUTRAL
angkatan pmm,NEUTRAL
pmm jalan r bromo kawah ijen,NEUTRAL
pmm,NEUTRAL
alumni pmm bersyukur banget merasa pmm,NEUTRAL
torguu torggu tunggutunggu nangisbanget,NEUTRAL
program ruginya berani mencoba penyesalan tenjak mencoba,NEUTRAL
bersyukur pmm menyesal pengen teman angkatan samaaa terima kasih pmm,NEUTRAL
cuman program harapan merasa kuliah jawa,NEUTRAL
kayak iisma pmm hapus untung pmm lolos warmadewa bali sesuai tagline bertukar bermakna memori ikuti ikuti ikuti bertukar bermakna bagiata ikuti ikuti ikuti ikuti ikuti bermakna,NEUTRAL
ngincar semester sangan banget,NEUTRAL
banyak bilang pmm program bermanfaat misurut gue pribadi bermanfaat banget gue mempelajari antropologi gue meriteraksi teman sabangkaikukukukukukukukukukukukukukukukuke membangun konekssi perteman daerah diburn pmm meningkatkan nilai toleransi nasionalisme moral berkurang anak indonesia gue bangga dar program,NEUTRAL
bilang apa-apa kuliah jawa pmm jawa,NEUTRAL
bangga banget pmm super duper seru,POSITIVE
bangga alumni pmm,NEUTRAL
pmm mahasiswi kupukupu ketumu temang banyak banget bawa makna sabang merauke,NEUTRAL
alumni pmm hadir,NEUTRAL
salam alumi pmm,NEUTRAL
impian bingittt mama bilat pmm hahaha sedih,POSITIVE
program terbaik ikuti kuliah pmw pkmpimnas kkn kebangsaan pmm juaranya penuh kenangan cerita bosan diceritakan,NEUTRAL
ngincer,NEUTRAL
angkatan pmm pmm mandiri kampus seru jalanjalan gratis,NEUTRAL
keluarga pmm pengalaman terbaik keustusan terbesar ambil benaran menyesal ambil keutusan,NEUTRAL
salah alumni pmm program ikuti nyesal gamon,NEUTRAL
beruntungnya alumni batch,NEUTRAL
rl bertukar bermakna,NEUTRAL
pengen,NEUTRAL
saya coba pmm hapus,NEUTRAL
terima kasih cerita indah kuliah,NEUTRAL
plissssss saya ikutan resmi hapus tolongggg,NEUTRAL
kebangsgan merasakan indahnya masamasa pmm barat semangat yuk perodaapin magang berdampak,NEUTRAL
huahuaaa,NEUTRAL
sedyeh banget caaaa pena pmm uny,NEUTRAL
bangga perjadi pmm cung alumni pmm,NEUTRAL
ututu tayangku,NEUTRAL
ruga bangga banget,NEUTRAL
dirhadirrrr,NEUTRAL
tidur kau,NEUTRAL
nyata bertukar bermakna,POSITIVE
program memory core paus indah dar program banyak ilmu belajar budaya pengalaman kontribusi menyenigan,NEUTRAL
saya,NEUTRAL
,NEUTRAL
,NEUTRAL
,NEUTRAL
,NEUTRAL
,NEUTRAL
,NEUTRAL
,NEUTRAL
,NEUTRAL
nyata,POSITIVE
setahun gamonnya bendung,NEUTRAL
,NEUTRAL
pmm uph hadir,NEUTRAL
bubar,NEUTRAL
sedeh banget anjing,NEUTRAL
gue ikut diapus,NEUTRAL
aa untung ikot pmm ust jogja,NEUTRAL
huuu pmm angktn,NEUTRAL
iisma dihapi,NEUTRAL
elaaaah membanyaki sorotan igeh banyak kegiatan diapus,NEUTRAL
angkatan covid program terbagi sangan kehidupan break,NEUTRAL
belumm masukj kuliahh,NEUTRAL
pmm limit edition,NEGATIVE
hentikan abang,NEUTRAL
alumni pmm batch online bangga angkatan peramaa program,NEUTRAL
beruntung masya allah,NEUTRAL
seru,NEUTRAL
yaallah sedehh senang pmm angakatan,NEUTRAL
,NEUTRAL
hapus orang,NEUTRAL
kemarin,NEUTRAL
iya hapus,NEUTRAL
dihps,NEUTRAL
dampaknya lolos juta anak golongan,NEUTRAL
kebanyakan aji mumpung numpang jalan² ln kontribusinya ghaib,NEUTRAL
output buang duit orang indonesia suap buang pertukaran siswa ln banyak iisma isiny jalan doang buka jastip,NEUTRAL
lolos orang privilege berbicara bahasa inggris les toeflielts,NEUTRAL
kampus mengajar jagi wee,NEUTRAL
pengalaman banyak mahasiswa berulah dirolak sekecolah mitra dikembaliin kampus pmm adek tingkatku kuliah tuanapal maleme,NEUTRAL
pmm ust,NEUTRAL
alumni pmm,NEUTRAL
pmm,NEUTRAL
halo,NEUTRAL
pmn sumbar,NEUTRAL
angkatan program terbagi pmm,NEUTRAL
semester minimal kemarin dibihin kating kesempatan,NEGATIVE
sayang banget,NEUTRAL
woii pgnn masuk wishlist,NEUTRAL
gppa kuliah jawa pmm pengen kesana eeh bilang mrentu pmm,NEUTRAL
sedih banget restun,NEUTRAL
tukaran ajala beb kau,NEUTRAL
iya mohon bgsd,NEUTRAL
covid kanpadahal gue keteterima ub pmm kaya kecewa banget,NEUTRAL
kcewaa senang buta ikmm,NEUTRAL
huhuu,NEUTRAL
,NEUTRAL
alasan pmm hapus dampak output mahasiswa pmm baat kebutuhan ig puaji syukur pmn hapus,NEUTRAL
canda elah selekinya susah tekad kuat mahasiswanya sorotan ig jaga bentuk aktifnya seseoran positif,NEUTRAL
sosmes ladi media termudah aksses positif,NEUTRAL
sebenrnya sorotan ig imbalan selebihanya banyak bikin akuti termotivasi berdampak pmm berjalan selaras gangan mimpi mimpi terapai,NEUTRAL
alumni banyak banget positif ilmu menambah relasi kampus mitra ketemu belajar keberagaman,NEUTRAL
mendorong unkel push limit aktif kesempatan company expo belajar budaya ketumu orang hebat dgnan latar beragam,NEUTRAL
mungkkin orang sebutin banyak ragi teman timur orang berani pmm zona nyaman sg momen berharga berharga berharga berharga berharga berharga berharga berharga berharga berharga berharga berharga berharga berharga berharga berharga berharga berharga berharga berharga berharga berharga berharga berharga berharga berharga berharga berharga berharga berharga berharga berharga berharga berharga berharga berharga berharga berharga berharga berharga berharga berharga berharga berbagie berharga berharaf,NEUTRAL
wake unp pmm itb taraso bana sistem belajar nya mantap banyak dampak positif awak dapek pmm momen,NEUTRAL
hapus berdampak bikin mhs bersangkutan ngulang banyak matkul banyak sks konversi dosen saya bilang mahasiwa acara kampus daftar diluar impact nya,NEUTRAL
tujuan utama pmm studi band abang pelajari metode disana abang implementasi kampus pulang fakta mhs pmm berenti disitu sorotan ig mhs pmm kasih kampus asli selesai pmm fakta hapus berdampak tema kemendikbud kali berdampak program berdampak kayak pmm hapus,NEUTRAL
alumni pmm program dilanjutkan,NEGATIVE
angkatan,NEUTRAL
saya beruntung merasa terima kasih pmm ump,POSITIVE
terima kasih tuhan kesempatan program berkuti kampus merdeka,NEUTRAL
senang pmm batch kenal banyak manuika,NEUTRAL
menunggu pmm daftar hapus,NEUTRAL
salah memilih mentri pendidikan,NEUTRAL
sedih kali padiahal semester,NEUTRAL
alumni pmm kangen,NEUTRAL
daftar,NEUTRAL
kasihan merasa semester pengen banget giliran semester tuhan,NEUTRAL
padal program resmi hapus,NEUTRAL
tertarik banget pmm biar merasa kampus impian sbentar mencoba diapus,NEUTRAL
terimakasih caraku unkar cari relasi beragam penjuru kota indonesia temat liburan bareng temat susah senang menugas kursus pendek ucapan terima kasih pmm,NEUTRAL
terimakasih tuhan anggota kesempatan merasakan pmm kalinya ceriita unik sangan berkesan sampa jompa kesukesan,NEUTRAL
kebanganan angkatan pmm,NEUTRAL
pmm berbeda pmm menjalaninya unair,NEUTRAL
akkk jujur kangen pmm,NEUTRAL
sad banget program keren banget banyak manfaat alaminn kenangananya,NEGATIVE
senang alumni pmm terimakasih waraga jawa barat bogor menerima penyakit membantu bakakal laenis laarah lokaya lokaya lokaya senang dipertemuka lokaya lokaya senang diperteman lokaya lokaya suana diperteman lokaya,NEUTRAL
mahasiswa pengen jalan jalan niat hati belajar,NEUTRAL
gue merasa,NEUTRAL
alhamdulilah dikasi kesempatan angkatan,NEUTRAL
sedih banget niatan ikut,NEGATIVE
impian kuliah pupus,NEUTRAL
gamon,NEUTRAL
alumni pmm gamon,NEUTRAL
terima kasih pmm senang banget,NEUTRAL
alhamdulillah rasainn pmm kampus mengajar,NEUTRAL
kecewa banget plss menunggu semester giliran semester pmm hapus,NEUTRAL
,NEUTRAL
iya nih,NEUTRAL
alumni kakak,NEUTRAL
gamonnya mendarah daging abang,NEUTRAL
hidup bergerak kenangan pmm,NEUTRAL
,NEUTRAL
repost kali,NEUTRAL
artefak orang terpilih merasa asiknya peemem,NEUTRAL
untung ik,NEUTRAL
irii,NEUTRAL
,NEUTRAL
nona ambon,NEUTRAL
dijanjiin pmm biar ketumu,NEUTRAL
bangga banget mahasiswa nadiem pmm msib berguna disaya lihat lu tmn² nusantara,NEUTRAL
terima kasih teman teman pmm masuk uny kenangan pengalamanya gbisa lupakan miss,NEUTRAL
gamauuuuuu alasan kuliah shalat satinya pmm dahlah,NEUTRAL
bikin plan temen²,NEUTRAL
merasakan keburu dihps,NEUTRAL
cerita pmm berhenti pmm batch,NEUTRAL
beruntungnya pmm,NEUTRAL
hapus nggarepin,NEUTRAL
terbukti katakata bertukar bermakna,NEUTRAL
pmm cung,NEUTRAL
pengen banget pmm,NEUTRAL
berharap banget pmm soalny pengen banget nggerasain kuliah universitas impian cuman jatur pmm,NEUTRAL
mendaftar selekssi lulus,NEUTRAL
heran sebagus produk nadiem mata orang peruhan susah aplgi ubah nama,NEUTRAL
angkatan persiapan program pmm hapus,NEUTRAL
untung batch,NEUTRAL
ha demii ikut,NEUTRAL
ruga ex pmm upnvj batch gamonnya,NEUTRAL
beruntungnya kebagian pmm,NEUTRAL
salam alumni pmm beruntung banget kesempatan memilih pilihan sayang banget program keren hapus,NEUTRAL
bersyukur pmm,NEUTRAL
harapan padiahal angkatan berharak pmm allah,NEUTRAL
rela pindah kampus tukut pmm hapus pindah anjing,NEUTRAL
alhamdulillah nadiem terima kasih hadirin program pmm perantara allah buah kabulin mimpi izin allah pmm nginjakin kaki raja ampat gamonnnn pol,NEUTRAL
angkatan,NEUTRAL
pengalaman batch ketumu banyak orang indonesia,NEUTRAL
pengen mencoba msib hehehhe keburu hapus,NEUTRAL
bangga angkatan,NEUTRAL
bangga pmm,NEUTRAL
angkatan pmm bertukar bermakna budaya ujung indonesia belajar ketawa kumpul,NEUTRAL
dahlah merasa program,NEUTRAL
pmm kenanganyaaa,NEUTRAL
bjirrrr,NEUTRAL
pengutannn,NEUTRAL
alumni bersyukur pmm,NEUTRAL
salam alumni pmm pnj,NEUTRAL
bermakna,NEUTRAL
pmm benaran hapus,NEUTRAL
senang alumni pmm unpad,NEUTRAL
kecewa berattt,NEUTRAL
apa-apa gue hmmm,NEUTRAL
aaaa,NEUTRAL
senang banget salah ribuan orang terpilih pmm,NEUTRAL
bangga banget angkatan batch pmm semarang,NEUTRAL
program bay bay mbkm alumni salam pmm alumni,NEUTRAL
alumni pmm,NEUTRAL
,NEUTRAL
juta ikutan,NEUTRAL
pengen banget masuk,NEUTRAL
saya coba hapus alasan saya semangat kuliah mempertahankan nilai saya,NEUTRAL
apalhhh,NEUTRAL
angkatan pmm hit berbeda imygsm,NEUTRAL
angkatan pmm ukwms surabaya,NEUTRAL
tolong ngincer semester kit jantung,NEUTRAL
efisiensi anggraran sepengaruh ” butuh,NEUTRAL
program salah seru banget,NEUTRAL
pengen,NEUTRAL
pengen banget pmm hapus,NEUTRAL
berhrp banget ipb,NEUTRAL
beruntung dikasih pmm unpad,NEUTRAL
program sebagus hapus,NEUTRAL
saya beruntung huhuhuhu,POSITIVE
padahalll pengen banget ikutan pmm,NEUTRAL
alhamdulillah golongan,NEUTRAL
wee sedih banget ngoba,NEUTRAL
tollong sahin merasakan,NEUTRAL
padiahal pengen banget,NEUTRAL
alumni pmm cung,NEUTRAL
sedeh kali apapun,NEUTRAL
terima kasih nadiem merasa pmm kemarin,NEUTRAL
masuk kuliah menunggu pmm programnya hapus,NEUTRAL
semstr pengen pmm,NEUTRAL
ngincer,NEUTRAL
,NEUTRAL
terimakasih sangan bermakna,NEUTRAL
syukur,NEUTRAL
hapus,NEUTRAL
nasib,NEUTRAL
real bertukar bermakna ketemu anak papua lovable budaya keren unik teman teman mahasiswa indonesia sada mengasih banyak pelaran hidup makasihh,POSITIVE
demii allah sedih banget allah,NEUTRAL
sedih banget,NEUTRAL
sedih banget iku pmm berharap banget ikutt,NEUTRAL
berharap pmm,NEUTRAL
pmm sebagus,NEUTRAL
pmm daerah timur indonesia cantik banget,NEUTRAL
pmm ditunggu,NEUTRAL
bangga pmm,NEUTRAL
banget banget pmm program kampus merdeka bawa jakarta,NEUTRAL
torgu adnya pmm ngobatin gue nggerasain belajar kamus impian masuk,NEUTRAL
mbkm,NEUTRAL
yahhhhhh berharap banget jaman cari pmm semester mencoba entar disemester dihapi,NEUTRAL
mencoba,NEUTRAL
untung pmm,NEUTRAL
sekolah pgnbngtt pmm dihapussliesss kmbaliin program,NEUTRAL
bersyukur pmm,NEUTRAL
pmm gue torgeguin…,NEUTRAL
terimakasih nadim program program seindah pmm terkenang seumur hidup,NEUTRAL
maba panya plan pmm cari,NEUTRAL
malang,NEUTRAL
,NEUTRAL
terima kasih tuhan kesempatan unkuti program kampus merdeka,NEUTRAL
rela ambil kampus swasta berdamai kuliah ptn jalur pmm hapus,NEUTRAL
sedih banget yaampun menunggu kemarin,NEUTRAL
pengen pmm uny,NEGATIVE
saking serunya pmm gue nguin kampus pmm seseru,NEUTRAL
berharap kuliah jawa,NEUTRAL
logo ulm,NEUTRAL
,NEUTRAL
sedehh,NEUTRAL
terimakasih nadiem kasih kesempatan,NEUTRAL
maknanya hilangpun makna kenanganya dihati,NEUTRAL
terimakasih nadiem terimakasih pmm,NEUTRAL
ngincer bgtttttt,NEUTRAL
pengen banget pmm kuliah kedokteran,NEUTRAL
yaaaah gtuuu,NEUTRAL
pmm keliling jawa terima kasih nadiem,NEUTRAL
alhamdulillah merasa mahasiswa pmm angkatan percobaan respon bagus dilanjutkan sebagus ituuuuu,NEUTRAL
alhamdulillah merasa pmm,NEUTRAL
ganti presiden ngaruhnya berasa program banget harapkan hilanhlg,NEUTRAL
sedih banget gue menunggu pmm,NEUTRAL
alhamdulillah bangga alumni pmm sayang banget program sebagus lanjutkan,NEUTRAL
banyak nanyaaaaaa hapus menangis banget,NEUTRAL
nyiapin hapus cuman kesempatan kuliah universitas impian,NEGATIVE
sedih banget,NEUTRAL
alhamdulillah merasakan pmm jogja,NEUTRAL
angkatan,NEUTRAL
kesini ksanaa,NEUTRAL
dahla punah harapan jawa,NEUTRAL
terima kasih shalat hidupku berharga,NEUTRAL
tinggal kenangan beruntung banget kemarin angkatan,NEUTRAL
kurikulum merdeka merdeka mahasiswa selebihanya tksma kagak,NEUTRAL
terimakasih pmm terimakasih brawijaya,NEUTRAL
menyesal kemarin berani lada zona nyaman program benaran hapus bangga salah alumninya,NEUTRAL
bertukar bermakna,NEUTRAL
penonton kecewa berat,NEUTRAL
banget bersyukur merasa pmm gamonn parah,NEUTRAL
pmm angkatan kerja,NEUTRAL
pupus harapan pmm menunggu sems,NEUTRAL
banget banget angkatan pmm,NEUTRAL
ngincer,NEUTRAL
alhamdulillah pmm masyaallah papua terpikirkan program terlepas dihps semoga program ambil kesempatan,NEUTRAL
pmm gamon niiii,NEUTRAL
alumni pmm,NEUTRAL
alumni pmm ngumpul,NEUTRAL
sedih,NEGATIVE
ampun ikutt,NEUTRAL
sedih banget,NEUTRAL
belajar pengen bali,NEUTRAL
setaju kebanyak kamus gua pmm ajang buang jalan ” katan mahasiswanya malas masuk buang ” angsgaran,NEUTRAL
astaga padiahal pmm bandung,NEUTRAL
daftar gua,NEUTRAL
kampus menganjar ragi,NEUTRAL
serius nih,NEUTRAL
,NEUTRAL
seriuss hapus,NEUTRAL
nilai eror kmpus perukaran mahasiswa,NEUTRAL
gaperna studycampus berharap pmm pmm hapus sedih gaperna merasa langsung belajar kampus top belajar banyak budaya disan,POSITIVE
msib,NEUTRAL
bergabung hapus,NEUTRAL
merasa pmm merasa pengen banget ub shalat kampus impian hapus habis kampus impian,NEGATIVE
program terimakasi unkul berhasil masuk kampus impian,NEUTRAL
menunggu,NEUTRAL
pengen jawa,NEUTRAL
labuanbajo pmm,NEUTRAL
alumni pmm batch hadir,NEUTRAL
bangga pmm angkatan,NEUTRAL
bilang apa-apa kuliah jawa pmm jawa,NEUTRAL
terima,NEUTRAL
alumni alhamdulillah pmm,NEUTRAL
ngincar semester pmm hapus,NEUTRAL
hah serius hapus,NEUTRAL
program sebagus hapus,NEUTRAL
penerima pmm hadir,NEUTRAL
gue siapin persyaratan pmm hapus daftar,NEUTRAL
terimakasih pmm uib,NEUTRAL
gamon universitas gamon wlp universitas banyak mitranya mimpi ik apa-apa,NEUTRAL
akun msib dibuba,NEUTRAL
rencana,NEUTRAL
hilang harapanku,NEUTRAL
progam nih hapus,NEUTRAL
gua alumni pmm angkatan gagal seleksi angkatan gua senang gua nyerah mencoba ngerubah parat gua krakster manusia belajar banyk baryk manusia belajar banyk baryk,NEUTRAL
programnya bagus banget gbakal lupa pmm angktn online teman online,NEUTRAL
sedih banget memilih kuliah shalat satunya program,POSITIVE
njirrrrrr,NEUTRAL
live sebutkan torggu tanggal main saya hapus,POSITIVE
mengadakan pmm,NEUTRAL
alasan hapus,NEUTRAL
hah sumpah,NEUTRAL
allah bisaaaa gua kemarin angkatan niii,NEUTRAL
izin orang tua pmmwoiilaa ngerasaiinyaa,NEUTRAL
program ikutan mengharap,NEUTRAL
sedeh banget,NEUTRAL
lupa download sertifikat login web kampus merdeka,NEUTRAL
angkatan pmm,NEUTRAL
program semoga pls merasa kuliah pulau jawa,NEUTRAL
kayee,NEUTRAL
,NEUTRAL
,NEUTRAL
smeainun,NEUTRAL
,NEUTRAL
niaaa maacii unkum kenangnyaa,NEUTRAL
beruntung,NEUTRAL
⋆࣭ ๋,NEUTRAL
weehhh sedehhh,NEUTRAL
ädd,NEUTRAL
selamat merasakan ♡ ⋆˙ ᵕ̈,NEUTRAL
diapus,NEUTRAL
sedeh,NEUTRAL
୨୧ franschina dll,NEUTRAL
untung pmm,NEUTRAL
kasihan dik adik bertukar bermakna seruuuuu bgtbgtbgttt kali,NEUTRAL
pidun loli,NEUTRAL
hah benaran anjirttlah,NEUTRAL
beruntung banget kesempatan ir dinda tryyayuu bycoo,NEUTRAL
menangis banget,NEUTRAL
✮ sedih banget dhps,NEUTRAL
hah wirr gbsa pmm,NEUTRAL
ㅤ gabriel hapus,NEUTRAL
sakit hati gue,NEUTRAL
rencana smtr,NEUTRAL
beruntung rasakan,NEUTRAL
keren banget,NEUTRAL
cantik jaehyun ☆ huu kawan snda riki trng,POSITIVE
trnyta angktn trkhir,NEUTRAL
akt pmm bersyukur nggerasain,NEUTRAL
,NEUTRAL
pmm panya teman provinsi pulau pmm bermakna seru,NEUTRAL
bermakna bersyukur banget kenal ketumu,NEUTRAL
peluk jauhuntuk momen kenangan bermakna,NEUTRAL
semoga bertemu,NEUTRAL
amin yaallah ayuu kangen poll,NEUTRAL
,NEUTRAL
beener bersyukurr banget dikasi kesempatan,NEUTRAL
sedeh,NEUTRAL
kau put,NEUTRAL
iya dimana,NEUTRAL
wkwkkw gamon,NEUTRAL
kenanganyaa hati,NEUTRAL
beruntung banget pmm sedih banget,NEUTRAL
sedehhh kanegnnn,NEUTRAL
,NEUTRAL
,NEUTRAL
huhuuu,NEUTRAL
alhamdulillah alumni,NEUTRAL
,NEUTRAL
setidatnya merasakan nya cik,NEUTRAL
jakarta,NEUTRAL
senang cerita hidup,NEUTRAL
,NEUTRAL
pmm semengesujan,NEUTRAL
bentar nanges,NEUTRAL
sedih,NEUTRAL
bangga banget program kampus merdeka tinggal kenangan,NEUTRAL
bertukar bermakna nyata,POSITIVE
angkatan merasakan pmm,NEUTRAL
gmw kkn,NEUTRAL
hahaha,POSITIVE
hmm niat banget ikmm,NEUTRAL
sedeh banget pls,NEUTRAL
huhuhuu,NEUTRAL
info telat qq,NEUTRAL
,NEUTRAL
gagal kating gua,NEUTRAL
alhamdulillah,NEUTRAL
jelasss,NEUTRAL
iyo weee,NEUTRAL
kit hearttt,NEUTRAL
berysukurrr,NEUTRAL
sedeh kali,NEUTRAL
,NEUTRAL
,NEUTRAL
,NEUTRAL
batch polimdooo,NEUTRAL
aaaaa mencintaimu gaiss,NEUTRAL
gamon nih,NEUTRAL
gue duga,NEUTRAL
ambil kelas karyawan,NEUTRAL
gamonn parah program wajibnya jalan jalan,NEUTRAL
,NEUTRAL
awww hmm,POSITIVE
,NEUTRAL
,NEUTRAL
,NEUTRAL
,NEUTRAL
,NEUTRAL
,NEGATIVE
,NEUTRAL
,NEUTRAL
,NEUTRAL
,NEUTRAL
maaf jogja lihat hapus,NEUTRAL
,NEUTRAL
,NEUTRAL
terima kasih angkatan,NEUTRAL
,NEUTRAL
,NEUTRAL
,NEUTRAL
,NEUTRAL
,NEUTRAL
,NEUTRAL
salsa nn pmm,NEUTRAL
,NEUTRAL
,NEUTRAL
,NEUTRAL
goreng opet untung ikutt,NEUTRAL
,NEUTRAL
,NEUTRAL
,NEUTRAL
merasa pmm mandiri program berkat airlangsa terimakasih,NEUTRAL
kemarin kampus mengajar angkatan,NEUTRAL
pmm akt wkw,NEUTRAL
bersyukur pmm senang ketemu nur teman,NEUTRAL
hah anjirlo,NEUTRAL
anak torgal,NEUTRAL
tanggapanyaa kack,NEUTRAL
,NEUTRAL
sumpah sakit hati banget,NEUTRAL
,NEUTRAL
terimakasih pmm,NEUTRAL
alumni pmm kangen banget suasana teman pmm sumut,NEUTRAL
pmm biar ngobatin sakit hati diizinangan rantau kamus negeri domisili kayaknya tuhan kasih izinnya,NEUTRAL
rindu banget pmm batch uci coba,NEUTRAL
bersyukur merasakan pmm angkatan,NEUTRAL
ekspek angkatan,NEUTRAL
butter ngincer jaga semester pmm hapus,NEUTRAL
yaudah buga orang kerjaanana jalan main doang ngabisin duit,POSITIVE
dijanjiin pmm biar ketumu,NEUTRAL
tluka lihatya program bagus banget program pesawat gratis mahasiswa semena kampus tujuan,NEUTRAL
iya ampun sedih banget merasa kayak beruntung diwaktu dihapuskan,NEGATIVE
adil,NEUTRAL
cinta mati samaku,NEUTRAL
,NEUTRAL
,NEUTRAL
ampun sednya,NEUTRAL
angkatan,NEUTRAL
pengen banget merasa pmm kuliah,NEGATIVE
hah sumpah alumni pmm gamon,NEUTRAL
menyesak banget,NEUTRAL
alhamdulillah pmm,NEUTRAL
,NEUTRAL
,NEUTRAL
lulus pmm unisma berangkat kabar sedih,NEUTRAL
ńash ୨ৎ allah sedih kemarin,NEUTRAL
dhlah harapan,NEUTRAL
senang program salam akmm batch,NEUTRAL
,NEUTRAL
alumni salam angkatan,NEUTRAL
angkatan tengkyu nadiem,NEUTRAL
alhamdulillah pmm batch,NEUTRAL
program hilal kah infonya penghapatan,NEGATIVE
katananya kampus berdampak,NEUTRAL
mencoba,NEUTRAL
adek adek tingkat semangat pengen ikut persiapan persyaratan benaran,NEUTRAL
alhamdulillah allah izikans rasakan kampus mengajar pmm,NEUTRAL
,NEUTRAL
program sebagus hapus,NEUTRAL
udaaa ngincer jaman,NEUTRAL
doa anak pmm angkatan perama full online terkabul,POSITIVE
gue ngincerr lamaaa,NEUTRAL
berharap pmm,NEUTRAL
ngincer,NEUTRAL
,NEUTRAL
program duh bagus,NEGATIVE
,NEUTRAL
sediii banget mabaa,NEUTRAL
benerannb hapusss plissss pengen merasa jutaaa akhhhhhh,NEUTRAL
yaallah sedi banget ngrsain pmm brhrp pmm unpad,NEUTRAL
menangis banget merasa pmm,NEGATIVE
sedyhhh banget pengen banget merasa pmm,NEUTRAL
bilang apa-apa kuliah jawa pmm jawa,NEUTRAL
berharap selekssii hapus,NEUTRAL
ngincer,NEUTRAL
sedih pengen banget pertukaran pelajar,NEGATIVE
ptn gagak jok ub,NEUTRAL
hah…,NEUTRAL
indak rasakan kuliah bandung,NEGATIVE
pondahal pengen,NEUTRAL
angkatan,NEUTRAL
pengen pmm tolong hapus,NEUTRAL
alumni alumni alhamdulillah pmm,NEUTRAL
udaaa berharap banget padahalllll,NEUTRAL
sumpah berharap semiga pmm,NEUTRAL
nabung,NEUTRAL
indah sunrise gunung bromo pmm,NEUTRAL
sedyeh pmm hapus beryukur mena program,NEUTRAL
bilang apa-apa kuliah jawa pmm jawa,NEUTRAL
pingiin,NEUTRAL
allah iisma,NEUTRAL
ipk,NEUTRAL
syedih,NEUTRAL
suka,NEUTRAL
jirlo harapan pmm menaksir program,NEUTRAL
,NEUTRAL
pdah inimi torggu,NEUTRAL
,NEUTRAL
,NEUTRAL
pmm unisma,NEUTRAL
alumni pmm suaraya,NEUTRAL
yaallah padiahal perencanaan banget daftar,NEUTRAL
program jni menunggu jni,NEUTRAL
sieh,NEUTRAL
batch kampus online,NEUTRAL
ikutt,NEUTRAL
angkatan,NEUTRAL
bersyukur bromo kawah ijen pengalaman berharga pmm,NEUTRAL
pmm unsri kemarin gmon banget cra movennya movingon bersyukur banget ang trkahir pmm orang tanggerain,NEUTRAL
,NEUTRAL
sedeh banget kemarin ngejar pmm,NEUTRAL
,NEUTRAL
ngincar semester pmm hapus,NEUTRAL
labuan bajo pmm,POSITIVE
untung kemarin nggerasain pmm,NEUTRAL
,NEUTRAL
woiii joinnn plislahhh,NEUTRAL
sumpahhh,NEUTRAL
bilang apa-apa kuliah jawa pmm jawa,NEUTRAL
,NEUTRAL
,NEUTRAL
musnah hrpan ub,NEUTRAL
kit hati,NEUTRAL
,NEUTRAL
torgguu torggu tunggutunggu nangisbanget,NEUTRAL
bilang apa-apa kuliah jawa pmm jawa,NEUTRAL
ngincar semester pmm hapus,NEUTRAL
lihat raja ampatttt karenaaa pmm,NEUTRAL
saci menangis banget,NEUTRAL
anjirrrrr ngisss banget,NEUTRAL
nerapin pmm,NEUTRAL
coba pmm,NEUTRAL
woilahhh sedieh pmm seseru sayang banget apuss,NEUTRAL
nggarep banget buka cuman mimpi,NEUTRAL
pengen banget pmm,NEUTRAL
hapus pengen pmm,NEUTRAL
rncnnya coba,NEUTRAL
padiahal pengen,NEUTRAL
alhamdulillah hidup dibali bulanterimakasih pmm,NEUTRAL
pengen ikutt,NEUTRAL
,NEUTRAL
merasa,NEUTRAL
riset,NEUTRAL
sedih mencoba program keren,NEUTRAL
suedih banget brhrp pengalaman,NEUTRAL
cuman ganti nama,NEUTRAL
pmm angkatan uji coba sit set gedubak gedubukkk,NEUTRAL
anak ” pmm nih,NEUTRAL
ngayall isi yogyakarta,NEUTRAL
msib,NEUTRAL
dampak efesiensht kah,NEUTRAL
ngincar semester pmm hapus,NEUTRAL
cita cita masuk kulia,NEUTRAL
info menunggu pmm batch info hapus,NEUTRAL
,NEUTRAL
seriusss,NEUTRAL
goodbyee pmm pengen banget pmm masuk kuliah,NEUTRAL
dariian kema kampus mengadakan mandiri kokk dananya kena efesiensi soale ikutan mandiri kampus mengadakan program pmm,NEUTRAL
gamon pmm,NEUTRAL
pmm unh medan,NEUTRAL
iya terkenang,NEUTRAL
iya,NEUTRAL
pasrah,NEUTRAL
setidatnya merasakan,NEUTRAL
lolos diapus,NEUTRAL
✮⋆˙ tutupmi,NEUTRAL
yahhhhh,NEUTRAL
rencana pmm terkendala semester,NEUTRAL
salam pmm unisba,NEUTRAL
salam pmm itenas bandung,NEUTRAL
ndd mentong program nya kebatan magang kreativitas mahasiswa karya ilmiah dll,NEUTRAL
